Comments: Updated 2008Dec by CPBL. Variable descriptions added. Names changed. WorldBank2007data added.																																																
Country name in world development indicator	Country name, same as those in Kauffman's governance dataset	country name in IMF's world economic outlook database	Country name in Gallup	country code in Gallup (as of wave 2)						Country name in WHO core health indicator, as it is in August 2007, this dataset	(mean) who_code	country code in WVS-4	country code in WVS-123	(unlabeled)	Country name in Penn World Table	Country name in Kauffman's governance dataset	Country name in macro3 dataset	(unlabeled)	Country name in IMF	Country name in United Nation Statistics Division	(unlabeled)	(unlabeled)	CPBL best / inclusive version of ISO3s	THE ISO3 code used by WHO, as in August 2007	Country code (ISO3) used with World Bank income data (2005). Do not use for recent WB data. Use best/CPBL ISO3	Country name from the World Bank income data (2005)			Country code (ISO3) used with World Bank income data (2010)	Country name from the World Bank income data (2010)	Country code (ISO3) used with World Bank University World Income Inequality Database (2010)	Country name used with World Bank University World Income Inequality Database (2010)			World Region (custom, 7)			Country name from WVS wave 3/4 (s003)	Country code (numeric) from WVS wave 3/4 (s003)	Country code (numeric) from 2009 version of 1981-2009 WVS waves	Country name from 2009 version of 1981-2009 WVS waves	Country name from Wiki page on tax:GDP ratios (source is 2009 Index of Economic Freedom)	tax:GDP ratios (source is 2009 Index of Economic Freedom) taken from Wikipedia	Country name from an SVG map used by Alex Schultz's python script	2-letter country-code from an SVG map used by Alex Schultz's python script			Comments
country_wdi	country	country_weo	country_gallup	wp5						WHO_country	who_code	s003	v2	country_wvs4	country_pwt	country_kauffman	country_macro3	cntnumber_imf	country_imf	country_un	uncode	country_wvs123	ISO3	ISO3																								
country_wdi	country_kauffman2	country_weo	country_GWP2_wp5	countryCode_GWP2_wp5	countryCode_GWP3_wp5	countryCode_CPBL	country_GWP3_wp5	country_bestName	country_bestShortName	country_WHO	countryCode_WHO	s003	countryCode_WVS123_v2	country_wvs4	country_pwt	country_kauffman	country_macro3	countryCode_IMF	country_IMF	country_UN	countryCode_UN	country_wvs123	countryCode_ISO3	countryCode_ISO3_WHO	countryCode_ISO3_WB	country_ISO3_WB	countryCode_PWT63_ISO3	country_PWT63	countryCode_ISO3_WB2010	country_WB2010	countryCode_ISO3_WIID	country_WIID2010	countryCode_ISO3_WGI	country_WGI	region7	country_WVS5_v2a	countryCode_WVS5_v2a	country_WVS4_s003	countryCode_WVS4_s003	countryCode_WVSv2009	country_WVSv2009	JUNK	JUNK	country_AlexShultz_svg	twoletter_AlexShultz_svg			
United States	United States	United States	United States	1	1	1	united states	United States of America	United States of America	United States of America	2450	840	11	United States Of America	United States	United States	United States			United States	840	Usa	USA	USA	USA	United States	USA	United States	USA	United States	USA	United States	USA	UNITED STATES	3	usa	11	united states virgin islands	850	850	united states virgin islands	1	united states	united states	us			
Egypt, Arab Rep.	Egypt	Egypt	Egypt	2	2	2	egypt	Egypt	Egypt	Egypt	1125	818		Egypt	Egypt	Egypt	Egypt	818	Egypt	Egypt	818		EGY	EGY	EG2	Egypt, Arab Rep. (AFR)	EGY	Egypt	EGY	Egypt, Arab Rep.	EGY	Egypt	EGY	EGYPT	7	egypt	89	egypt	818	818	egypt	2	egypt	egypt	eg			
Morocco	Morocco	Morocco	Morocco	3	3	3	morocco	Morocco	Morocco	Morocco		504		Morocco	Morocco	Morocco	Morocco	504	Morocco	Morocco	504		MAR	MAR	MAR	Morocco	MAR	Morocco	MAR	Morocco	MRC	Morocco	MAR	MOROCCO	6	morocco	90	morocco	504	504	morocco	3	morocco	morocco	ma			
Lebanon	Lebanon	Lebanon	Lebanon	4	4	4	lebanon	Lebanon	Lebanon	Lebanon					Lebanon	Lebanon				Lebanon	422		LBN	LBN	LBN	Lebanon	LBN	Lebanon	LBN	Lebanon	LBN	Lebanon	LBN	LEBANON	7			lebanon	422	422	lebanon	4	lebanon	lebanon	lb			
Saudi Arabia	Saudi Arabia	Saudi Arabia	Saudi Arabia	5	5	5	saudi arabia	Saudi Arabia	Saudi Arabia	Saudi Arabia					Saudi Arabia	Saudi Arabia		682	Saudi Arabia	Saudi Arabia	682		SAU	SAU	SAU	Saudi Arabia	SAU	Saudi Arabia	SAU	Saudi Arabia			SAU	SAUDI ARABIA	7	saudi arabia	67	saudi arabia	682	682	saudi arabia	5	saudi arabia	saudi arabia	sa			
Jordan	Jordan	Jordan	Jordan	6	6	6	jordan	Jordan	Jordan	Jordan		400		Jordan	Jordan	Jordan	Jordan	400	Jordan	Jordan	400		JOR	JOR	JOR	Jordan	JOR	Jordan	JOR	Jordan	JOR	Jordan	JOR	JORDAN	7	jordan	92	jordan	400	400	jordan	6	jordan	jordan	jo			
Syrian Arab Republic	Syria	Syrian Arab Republic			7	7	syria	Syrian Arab Republic	Syrian Arab Republic	Syrian Arab Republic	3370				Syria	Syria		760	Syrian Arab Republic	Syrian Arab Republic	760		SYR	SYR	SYR	Syrian Arab Republic	SYR	Syria	SYR	Syrian Arab Republic			SYR	SYRIA	6			syrian arab republic	760	760	syrian arab republic	7	syria	syrian arab republic	sy			
Turkey	Turkey	Turkey	Turkey	8	8	8	turkey	Turkey	Turkey	Turkey	3400	792	44	Turkey	Turkey	Turkey	Turkey	792	Turkey	Turkey	792	Turkey	TUR	TUR	TUR	Turkey	TUR	Turkey	TUR	Turkey	TUR	Turkey	TUR	TURKEY	2	turkey	44	turkey	792	792	turkey	8	turkey	turkey	tr			
Pakistan	Pakistan	Pakistan	Pakistan	9	9	9	pakistan	Pakistan	Pakistan	Pakistan		586		Pakistan	Pakistan	Pakistan	Pakistan	586	Pakistan	Pakistan	586		PAK	PAK	PAK	Pakistan	PAK	Pakistan	PAK	Pakistan	PAK	Pakistan	PAK	PAKISTAN	5	pakistan	38	pakistan	586	586	pakistan	9	pakistan	pakistan	pk			
Indonesia	Indonesia	Indonesia	Indonesia	10	10	10	indonesia	Indonesia	Indonesia	Indonesia		360		Indonesia	Indonesia	Indonesia	Indonesia	360	Indonesia	Indonesia	360		IDN	IDN	IDN	Indonesia	IDN	Indonesia	IDN	Indonesia	IDN	Indonesia	IDN	INDONESIA	5	indonesia	70	indonesia	360	360	indonesia	10	indonesia	indonesia	id			
Bangladesh	Bangladesh	Bangladesh	Bangladesh	11	11	11	bangladesh	Bangladesh	Bangladesh	Bangladesh		50	69	Bangladesh	Bangladesh	Bangladesh	Bangladesh	50	Bangladesh	Bangladesh	50	Bangladesh	BGD	BGD	BGD	Bangladesh	BGD	Bangladesh	BGD	Bangladesh	BGD	Bangladesh	BGD	BANGLADESH	5	bangladesh	69	bangladesh	50	50	bangladesh	11	bangladesh	bangladesh	bd			
United Kingdom	United Kingdom	United Kingdom	United Kingdom	12	12	12	united kingdom	United Kingdom	United Kingdom	United Kingdom	4308	826	2	Kingdom Of Great Britain And Nor	United Kingdom	United Kingdom	United Kingdom			United Kingdom	826	Britain	GBR	GBR	GBR	United Kingdom	GBR	United Kingdom	GBR	United Kingdom	GBR	United Kingdom	GBR	UNITED KINGDOM	2	britain	2	great britain	826	826	great britain	12	united kingdom	united kingdom	gb			
France	France	France	France	13	13	13	france	France	France	France	4080	250	1	France	France	France	France			France	250	France	FRA	FRA	FRA	France	FRA	France	FRA	France	FRA	France	FRA	FRANCE	2	france	1	france	250	250	france	13	france	france	fr			
Germany	Germany	Germany	Germany	14	14	14	germany	Germany	Germany	Germany	4085	276	3	Germany	Germany	Germany	Germany			Germany	276	W Germany	DEU	DEU	DEU	Germany	GER	Germany	DEU	Germany	DEU	Germany	DEU	GERMANY	2	germany	276	germany west	900	900	germany west	14	germany	germany	de			
Netherlands	Netherlands	Netherlands	Netherlands	15	15	15	netherlands	Netherlands	Netherlands	Netherlands	4210	528	5	Netherlands	Netherlands	Netherlands	Netherlands			Netherlands	528	Netherlands	NLD	NLD	NLD	Netherlands	NLD	Netherlands	NLD	Netherlands	NLD	Netherlands	NLD	NETHERLANDS	2	netherlands	5	netherlands	528	528	netherlands	15		netherlands	nl			
Belgium	Belgium	Belgium	Belgium	16	16	16	belgium	Belgium	Belgium	Belgium	4020	56	7	Belgium	Belgium	Belgium	Belgium	56	Belgium	Belgium	56	Belgium	BEL	BEL	BEL	Belgium	BEL	Belgium	BEL	Belgium	BEL	Belgium	BEL	BELGIUM	2	belgium	7	belgium	56	56	belgium	16	belgium	belgium	be			
Spain	Spain	Spain	Spain	17	17	17	spain	Spain	Spain	Spain	4280	724	8	Spain	Spain	Spain	Spain			Spain	724	Spain	ESP	ESP	ESP	Spain	ESP	Spain	ESP	Spain	ESP	Spain	ESP	SPAIN	2	spain	8	spain	724	724	spain	17	spain	spain	es			
Italy	Italy	Italy	Italy	18	18	18	italy	Italy	Italy	Italy	4180	380	4	Italy	Italy	Italy	Italy			Italy	380	Italy	ITA	ITA	ITA	Italy	ITA	Italy	ITA	Italy	ITA	Italy	ITA	ITALY	2	italy	4	italy	380	380	italy	18	italy	italy	it			
Poland	Poland	Poland	Poland	19	19	19	poland	Poland	Poland	Poland	4230	616	25	Poland	Poland	Poland	Poland	616	Poland	Poland	616	Poland	POL	POL	POL	Poland	POL	Poland	POL	Poland	POL	Poland	POL	POLAND	1	poland	25	poland	616	616	poland	19	poland	poland	pl			
Hungary	Hungary	Hungary	Hungary	20	20	20	hungary	Hungary	Hungary	Hungary	4150	348	16	Hungary	Hungary	Hungary	Hungary	348	Hungary	Hungary	348	Hungary	HUN	HUN	HUN	Hungary	HUN	Hungary	HUN	Hungary	HUN	Hungary	HUN	HUNGARY	1	hungary	16	hungary	348	348	hungary	20	hungary	hungary	hu			
Czech Republic	Czech Republic	Czech Republic	Czech Republic	21	21	21	czech republic	Czech Republic	Czech Republic	Czech Republic	4045	203	33	Czech Republic	Czech Republic	Czech Republic	Czech Republic	203	Czech Republic	Czech Republic	203	Czech	CZE	CZE	CZE	Czech Republic	CZE	Czech Republic	CZE	Czech Republic	CZE	Czech Republic	CZE	CZECH REPUBLIC	1	czech republic	33	czech republic	203	203	czech republic	21	czech republic	czech republic	cz			
Romania	Romania	Romania	Romania	22	22	22	romania	Romania	Romania	Romania	4270	642	37	Romania	Romania	Romania	Romania	642	Romania	Romania	642	Romania	ROU	ROU	ROM	Romania	ROM	Romania	ROM	Romania	ROM	Romania	ROM	ROMANIA	1	romania	37	romania	642	642	romania	22	romania	romania	ro			
Sweden	Sweden	Sweden	Sweden	23	23	23	sweden	Sweden	Sweden	Sweden	4290	752	19	Sweden	Sweden	Sweden	Sweden	752	Sweden	Sweden	752	Sweden	SWE	SWE	SWE	Sweden	SWE	Sweden	SWE	Sweden	SWE	Sweden	SWE	SWEDEN	2	sweden	19	sweden	752	752	sweden	23	sweden	sweden	se			
Greece	Greece	Greece	Greece	24	24	24	greece	Greece	Greece	Greece	4140	300		Greece	Greece	Greece	Greece	300	Greece	Greece	300		GRC	GRC	GRC	Greece	GRC	Greece	GRC	Greece	GRC	Greece	GRC	GREECE	2	greece	43	greece	300	300	greece	24	greece	greece	gr			
Denmark	Denmark	Denmark	Denmark	25	25	25	denmark	Denmark	Denmark	Denmark	4050	208	6	Denmark	Denmark	Denmark	Denmark	208	Denmark	Denmark	208	Denmark	DNK	DNK	DNK	Denmark	DNK	Denmark	DNK	Denmark	DNK	Denmark	DNK	DENMARK	2	denmark	6	denmark	208	208	denmark	25	denmark	denmark	dk			
Iran, Islamic Rep.	Iran	Iran, Islamic Republic of	Iran	26	26	26	iran	Iran (Islamic Republic of)	Iran	Iran (Islamic Republic of)		364		Iran (Islamic Republic Of)	Iran	Iran	Iran	364	Iran (Islamic Republic of)	Iran (Islamic Republic of)	364		IRN	IRN	IRN	Iran, Islamic Rep.	IRN	Iran	IRN	Iran, Islamic Rep.	IRN	Iran	IRN	IRAN	7	iran	91	iran (islamic republic of)	364	364	iran	26	iran	iran (islamic republic of)	ir			
Hong Kong, China	Hong Kong	Hong Kong SAR	Hong Kong/Macau	27	27	27	hong kong	Hong Kong (Special Administrative Region, China)	Hong Kong	Hong Kong, China	3090				Hong Kong	Hong Kong		344	China, Hong Kong Special Administrative Region	China, Hong Kong Special Administrative Region	344		HKG		HKG	Hong Kong, China	HKG	Hong Kong	HKG	Hong Kong SAR, China	HKG	Hong Kong	HKG	HONG KONG	5	hong kong	104	hong kong special administrative region of china	344	344	hong kong	27	hong kong	hong kong	hk			
Singapore	Singapore	Singapore	Singapore	28	28	28	singapore	Singapore	Singapore	Singapore	3350	702		Singapore	Singapore	Singapore	Singapore	702	Singapore	Singapore	702		SGP	SGP	SGP	Singapore	SGP	Singapore	SGP	Singapore	SGP	Singapore	SGP	SINGAPORE	5	singapore	77	singapore	702	702	singapore	28	singapore	singapore	sg			
Japan	Japan	Japan	Japan	29	29	29	japan	Japan	Japan	Japan	3160	392	13	Japan	Japan	Japan	Japan			Japan	392	Japan	JPN	JPN	JPN	Japan	JPN	Japan	JPN	Japan	JPN	Japan	JPN	JAPAN	5	japan	13	japan	392	392	japan	29	japan	japan	jp			
China	China	China	China Peoples Republic	30	30	30	china	China	China	China	3068	156	39	China	China	China	China	156	China	China	156	China	CHN	CHN	CHN	China	CHN	China Version 1	CHN	China	CHN	China	CHN	CHINA	5	china	39	china	156	156	china	30	china	china	cn			
India	India	India	India	31	31	31	india	India	India	India	3100	356	32	India	India	India	India	356	India	India	356	India	IND	IND	IND	India	IND	India	IND	India	IND	India	IND	INDIA	5	india	32	india	356	356	india	31	india	india	in			
Venezuela, RB	Venezuela	Venezuela	Venezuela	32	32	32	venezuela	Venezuela (Bolivarian Republic of)	Venezuela	Venezuela (Bolivarian Republic of)	2470	862	53	Venezuela	Venezuela	Venezuela	Venezuela	862	Venezuela	Venezuela	862	Venezuela	VEN	VEN	VEN	Venezuela, RB	VEN	Venezuela	VEN	Venezuela, RB	VEN	Venezuela	VEN	VENEZUELA	4	venezuela	53	venezuela	862	862	venezuela	32	venezuela	venezuela	ve			
Brazil	Brazil	Brazil	Brazil	33	33	33	brazil	Brazil	Brazil	Brazil	2070	76	28		Brazil	Brazil	Brazil	76	Brazil	Brazil	76	Brazil	BRA	BRA	BRA	Brazil	BRA	Brazil	BRA	Brazil	BRA	Brazil	BRA	BRAZIL	4	brazil	28	brazil	76	76	brazil	33	brazil	brazil	br			
Mexico	Mexico	Mexico	Mexico	34	34	34	mexico	Mexico	Mexico	Mexico	2310	484	14	Mexico	Mexico	Mexico	Mexico			Mexico	484	Mexico	MEX	MEX	MEX	Mexico	MEX	Mexico	MEX	Mexico	MEX	Mexico	MEX	MEXICO	4	mexico	14	mexico	484	484	mexico	34	mexico	mexico	mx			
Nigeria	Nigeria	Nigeria	Nigeria	35	35	35	nigeria	Nigeria	Nigeria	Nigeria	1340	566	29	Nigeria	Nigeria	Nigeria	Nigeria	566	Nigeria	Nigeria	566	Nigeria	NGA	NGA	NGA	Nigeria	NGA	Nigeria	NGA	Nigeria	NGA	Nigeria	NGA	NIGERIA	6	nigeria	29	nigeria	566	566	nigeria	35	nigeria	nigeria	ng			
Kenya	Kenya	Kenya	Kenya	36	36	36	kenya	Kenya	Kenya	Kenya					Kenya	Kenya		404	Kenya	Kenya	404		KEN	KEN	KEN	Kenya	KEN	Kenya	KEN	Kenya	KEN	Kenya	KEN	KENYA	6			kenya	404	404	kenya	36	kenya	kenya	ke			
Tanzania	Tanzania	Tanzania	Tanzania	37	37	37	tanzania	United Republic of Tanzania	Tanzania	Tanzania (United Republic of)		834		United Republic Of Tanzania	Tanzania	Tanzania	Tanzania	834	United Republic of Tanzania	United Republic of Tanzania	834		TZA	TZA	TZA	Tanzania	TZA	Tanzania	TZA	Tanzania	TZA	Tanzania	TZA	TANZANIA	6	tanzania	60	tanzania, united republic of	834	834	tanzania	37	tanzania	tanzania	united republic of			
Israel	Israel	Israel	Israel	38	38	38	israel	Israel	Israel	Israel	3150	376			Israel	Israel		376	Israel	Israel	376		ISR	ISR	ISR	Israel	ISR	Israel	ISR	Israel	ISR	Israel	ISR	ISRAEL	7	israel	59	israel	376	376	israel	38	israel	israel	il			
West Bank and Gaza	West Bank		West Bank & Gaza (Palestine)	39	39	39	palestine	West Bank and Gaza (Palestine)	Palestine							West Bank				Occupied Palestinian Territory	275		WBG		WBG	West Bank and Gaza			WBG	West Bank and Gaza			WBG	WEST BANK GAZA	7			occupied palestinian territory	275	275	occupied palestinian territory	39	palestine					
Ghana	Ghana	Ghana	Ghana	40	40	40	ghana	Ghana	Ghana	Ghana			56		Ghana	Ghana		288	Ghana	Ghana	288	Ghana	GHA	GHA	GHA	Ghana	GHA	Ghana	GHA	Ghana	GHA	Ghana	GHA	GHANA	6	ghana	56	ghana	288	288	ghana	40	ghana	ghana	gh			
Uganda	Uganda	Uganda	Uganda	41	41	41	uganda	Uganda	Uganda	Uganda		800		Uganda	Uganda	Uganda	Uganda	800	Uganda	Uganda	800		UGA	UGA	UGA	Uganda	UGA	Uganda	UGA	Uganda	UGA	Uganda	UGA	UGANDA	6	uganda	74	uganda	800	800	uganda	41	uganda	uganda	ug			
Benin	Benin	Benin	Benin	42	42	42	benin	Benin	Benin	Benin					Benin	Benin		204	Benin	Benin	204		BEN	BEN	BEN	Benin	BEN	Benin	BEN	Benin	BEN	Benin	BEN	BENIN	6			benin	204	204	benin	42	benin	benin	bj			
Madagascar	Madagascar	Madagascar	Madagascar	43	43	43	madagascar	Madagascar	Madagascar	Madagascar					Madagascar	Madagascar		450	Madagascar	Madagascar	450		MDG	MDG	MDG	Madagascar	MDG	Madagascar	MDG	Madagascar	MDG	Madagascar	MDG	MADAGASCAR	6			madagascar	450	450	madagascar	43	madagascar	madagascar	mg			
Malawi	Malawi	Malawi	Malawi	44	44	44	malawi	Malawi	Malawi	Malawi					Malawi	Malawi		454	Malawi	Malawi	454		MWI	MWI	MWI	Malawi	MWI	Malawi	MWI	Malawi	MWI	Malawi	MWI	MALAWI	6			malawi	454	454	malawi	44	malawi	malawi	mw			
South Africa	South Africa	South Africa	South Africa	45	45	45	south africa	South Africa	South Africa	South Africa	1430	710	15	South Africa	South Africa	South Africa	South Africa			South Africa	710	S Africa	ZAF	ZAF	ZAF	South Africa	ZAF	South Africa	ZAF	South Africa	ZAF	South Africa	ZAF	SOUTH AFRICA	6	s africa	15	south africa	710	710	south africa	45	south africa	south africa	za			
Canada	Canada	Canada	Canada	46	46	46	canada	Canada	Canada	Canada	2090	124	12	Canada	Canada	Canada	Canada			Canada	124	Canada	CAN	CAN	CAN	Canada	CAN	Canada	CAN	Canada	CAN	Canada	CAN	CANADA	3	canada	12	canada	124	124	canada	46	canada	canada	ca			
Australia	Australia	Australia	Australia	47	47	47	australia	Australia	Australia	Australia	5020	36	17		Australia	Australia	Australia			Australia	36	Australia	AUS	AUS	AUS	Australia	AUS	Australia	AUS	Australia	AUS	Australia	AUS	AUSTRALIA	3	australia	17	australia	36	36	australia	47	australia	australia	au			
Philippines	Philippines	Philippines	Philippines	48	48	48	philippines	Philippines	Philippines	Philippines	3300	608	58		Philippines	Philippines		608	Philippines	Philippines	608	Philippines	PHL	PHL	PHL	Philippines	PHL	Philippines	PHL	Philippines	PHL	Philippines	PHL	PHILIPPINES	5	philippines	58	philippines	608	608	philippines	48	philippines	philippines	ph			
Sri Lanka	Sri Lanka	Sri Lanka	Sri Lanka	49	49	49	sri lanka	Sri Lanka	Sri Lanka	Sri Lanka					Sri Lanka	Sri Lanka		144	Sri Lanka	Sri Lanka	144		LKA	LKA	LKA	Sri Lanka	LKA	Sri Lanka	LKA	Sri Lanka	LKA	Sri Lanka	LKA	SRI LANKA	5	sri lanka	87	sri lanka	144	144	sri lanka	49	sri lanka	sri lanka	lk			
Vietnam	Vietnam	Vietnam	Vietnam	50	50	50	vietnam	Viet Nam	Viet Nam	Viet Nam		704		Viet Nam	Vietnam	Vietnam	Vietnam	704	Viet Nam	Viet Nam	704		VNM	VNM	VNM	Vietnam	VNM	Vietnam	VNM	Vietnam	VNM	Viet Nam	VNM	VIETNAM	5	vietnam	71	viet nam	704	704	viet nam	50	vietnam	vietnam	vn			
Thailand	Thailand	Thailand	Thailand	51	51	51	thailand	Thailand	Thailand	Thailand	3380				Thailand	Thailand		764	Thailand	Thailand	764		THA	THA	THA	Thailand	THA	Thailand	THA	Thailand	THA	Thailand	THA	THAILAND	5	thailand	65	thailand	764	764	thailand	51	thailand	thailand	th			
Cambodia	Cambodia	Cambodia	Cambodia	52	52	52	cambodia	Cambodia	Cambodia	Cambodia					Cambodia	Cambodia		116	Cambodia	Cambodia	116		KHM	KHM	KHM	Cambodia	KHM	Cambodia	KHM	Cambodia	KHM	Cambodia	KHM	CAMBODIA	5			cambodia	116	116	cambodia	52	cambodia	cambodia	kh			
Laos	Laos	Lao People's Democratic Republic	Laos	53	53	53	laos	Lao People's Democratic Republic	Lao People's Democratic Republic	Lao People's Democratic Republic					Laos	Laos				Lao People's Democratic Republic	418		LAO	LAO	LAO	Lao PDR	LAO	Laos	LAO	Lao PDR	LAO	Lao	LAO	LAOS	5			lao people's democratic republic	418	418	lao people's democratic republic	53	laos	laos	la			
Myanmar	Myanmar	Myanmar	Myanmar(Burma)	54	54	54	myanmar	Myanmar	Myanmar	Myanmar						Myanmar				Myanmar	104		MMR	MMR	MMR	Myanmar			MMR	Myanmar	MMR	Myanmar	MMR	MYANMAR	5			myanmar	104	104	myanmar	54	myanmar	myanmar (burma)	mm			
New Zealand	New Zealand	New Zealand	New Zealand	55	55	55	new zealand	New Zealand	New Zealand	New Zealand	5150	554		New Zealand	New Zealand	New Zealand	New Zealand			New Zealand	554		NZL	NZL	NZL	New Zealand	NZL	New Zealand	NZL	New Zealand	NZL	New Zealand	NZL	NEW ZEALAND	3	new zealand	88	new zealand	554	554	new zealand	55	new zealand	new zealand	nz			
Angola	Angola	Angola	Angola	56	56	56	angola	Angola	Angola	Angola					Angola	Angola				Angola	24		AGO	AGO	AGO	Angola	AGO	Angola	AGO	Angola			AGO	ANGOLA	6			angola	24	24	angola	56	angola	angola	ao			
Botswana	Botswana	Botswana	Botswana	57	57	57	botswana	Botswana	Botswana	Botswana					Botswana	Botswana		72	Botswana	Botswana	72		BWA	BWA	BWA	Botswana	BWA	Botswana	BWA	Botswana	BWA	Botswana	BWA	BOTSWANA	6			botswana	72	72	botswana	57	botswana	botswana	bw			
					58	58	hold																																			58	hold					
					59	59	hold																																			59	hold					
Ethiopia	Ethiopia	Ethiopia	Ethiopia	60	60	60	ethiopia	Ethiopia	Ethiopia	Ethiopia					Ethiopia	Ethiopia		231	Ethiopia	Ethiopia	231		ETH	ETH	ETH	Ethiopia	ETH	Ethiopia	ETH	Ethiopia	ETH	Ethiopia	ETH	ETHIOPIA	6	ethiopia	111	ethiopia	231	231	ethiopia	60	ethiopia	ethiopia	et			
Mali	Mali	Mali	Mali	61	61	61	mali	Mali	Mali	Mali					Mali	Mali		466	Mali	Mali	466		MLI	MLI	MLI	Mali	MLI	Mali	MLI	Mali	MLI	Mali	MLI	MALI	6	mali	112	mali	466	466	mali	61	mali	mali	ml			
Mauritania	Mauritania	Mauritania	Mauritania	62	62	62	mauritania	Mauritania	Mauritania	Mauritania					Mauritania	Mauritania		478	Mauritania	Mauritania	478		MRT	MRT	MRT	Mauritania	MRT	Mauritania	MRT	Mauritania	MRT	Mauritania	MRT	MAURITANIA	6			mauritania	478	478	mauritania	62	mauritania	mauritania	mr			
Mozambique	Mozambique	Mozambique	Mozambique	63	63	63	mozambique	Mozambique	Mozambique	Mozambique					Mozambique	Mozambique		508	Mozambique	Mozambique	508		MOZ	MOZ	MOZ	Mozambique	MOZ	Mozambique	MOZ	Mozambique	MOZ	Mozambique	MOZ	MOZAMBIQUE	6			mozambique	508	508	mozambique	63	mozambique	mozambique	mz			
Niger	Niger	Niger	Niger	64	64	64	niger	Niger	Niger	Niger					Niger	Niger		562	Niger	Niger	562		NER	NER	NER	Niger	NER	Niger	NER	Niger	NER	Niger	NER	NIGER	6			niger	562	562	niger	64	niger	niger	ne			
Rwanda	Rwanda	Rwanda	Rwanda	65	65	65	rwanda	Rwanda	Rwanda	Rwanda					Rwanda	Rwanda		646	Rwanda	Rwanda	646		RWA	RWA	RWA	Rwanda	RWA	Rwanda	RWA	Rwanda	RWA	Rwanda	RWA	RWANDA	6	rwanda	113	rwanda	646	646	rwanda	65	rwanda	rwanda	rw			
Senegal	Senegal	Senegal	Senegal	66	66	66	senegal	Senegal	Senegal	Senegal					Senegal	Senegal		686	Senegal	Senegal	686		SEN	SEN	SEN	Senegal	SEN	Senegal	SEN	Senegal	SEN	Senegal	SEN	SENEGAL	6			senegal	686	686	senegal	66	senegal	senegal	sn			
Zambia	Zambia	Zambia	Zambia	67	67	67	zambia	Zambia	Zambia	Zambia					Zambia	Zambia		894	Zambia	Zambia	894		ZMB	ZMB	ZMB	Zambia	ZMB	Zambia	ZMB	Zambia	ZMB	Zambia	ZMB	ZAMBIA	6	zambia	114	zambia	894	894	zambia	67	zambia	zambia	zm			
Korea, Rep.	Korea, South	Korea	Korea (South)	68	68	68	south korea	Republic of Korea	Republic of Korea	Republic of Korea	3325	410	24	Republic Of Korea	Korea, Republic of	Korea, South	Korea, South	410	Korea, Republic of	Korea, Republic of	410	S Korea	KOR	KOR	KOR	Korea, Rep.	KOR	Korea, Republic of	KOR	Korea, Rep.	KOR	Korea, Republic of	KOR	KOREA, SOUTH	5	s korea	24	republic of korea	410	410	south korea	68	south korea	south korea	kr			
Taiwan	Taiwan	Taiwan Province of China	China (Taiwan)	69	69	69	taiwan	Taiwan (Province of China)	Taiwan		3070	158	40		Taiwan	Taiwan	Taiwan					Taiwan	TWN		TWN	Taiwan, China	TWN	Taiwan			TWN	Taiwan	TWN	TAIWAN	5	taiwan	40	taiwan province of china	158	158	taiwan	69	taiwan	taiwan	tw			
Afghanistan	Afghanistan	Afghanistan, Rep. of.	Afghanistan	70	70	70	afghanistan	Afghanistan	Afghanistan	Afghanistan					Afghanistan	Afghanistan				Afghanistan	4		AFG	AFG	AFG	Afghanistan	AFG	Afghanistan	AFG	Afghanistan			AFG	AFGHANISTAN	5			afghanistan	4	4	afghanistan	70	afghanistan	afghanistan	af			
Belarus	Belarus	Belarus	Belarus	71	71	71	belarus	Belarus	Belarus	Belarus	4018	112	31	Belarus	Belarus	Belarus	Belarus	112	Belarus	Belarus	112	Belarus	BLR	BLR	BLR	Belarus	BLR	Belarus	BLR	Belarus	BLR	Belarus	BLR	BELARUS	1	belarus	31	belarus	112	112	belarus	71	belarus	belarus	by			
Georgia	Georgia	Georgia	Georgia	72	72	72	georgia	Georgia	Georgia	Georgia	4084	268	62		Georgia	Georgia	Georgia	268	Georgia	Georgia	268	Georgia	GEO	GEO	GEO	Georgia	GEO	Georgia	GEO	Georgia	GEO	Georgia	GEO	GEORGIA	1	georgia	62	georgia	268	268	georgia	72	georgia	georgia	ge			
Kazakhstan	Kazakhstan	Kazakhstan	Kazakhstan	73	73	73	kazakhstan	Kazakhstan	Kazakhstan	Kazakhstan	4182				Kazakhstan	Kazakhstan		398	Kazakhstan	Kazakhstan	398		KAZ	KAZ	KAZ	Kazakhstan	KAZ	Kazakhstan	KAZ	Kazakhstan	KAZ	Kazakhstan	KAZ	KAZAKHSTAN	1			kazakhstan	398	398	kazakhstan	73	kazakhstan	kazakhstan	kz			
Kyrgyz Republic	Kyrgyz Republic	Kyrgyz Republic	Kyrgyzstan	74	74	74	kyrgyzstan	Kyrgyzstan	Kyrgyzstan	Kyrgyzstan	4184				Kyrgyzstan	Kyrgyz Republic		417	Kyrgyzstan	Kyrgyzstan	417		KGZ	KGZ	KGZ	Kyrgyz Republic	KGZ	Kyrgyzstan	KGZ	Kyrgyz Republic	KGZ	Kyrgyz Republic	KGZ	KYRGYZSTAN	1	kyrgyzstan	99	kyrgyzstan	417	417	kyrgyzstan	74	kyrgyzstan	kyrgyzstan	kg			
Moldova	Moldova	Moldova	Moldova	75	75	75	moldova	Republic of Moldova	Republic of Moldova	Republic of Moldova	4260	498	61	Republic Of Moldova	Moldova	Moldova	Moldova	498	Republic of Moldova	Republic of Moldova	498	Moldova	MDA	MDA	MDA	Moldova	MDA	Moldova	MDA	Moldova	MDA	Moldova	MDA	MOLDOVA	1	moldova	61	republic of moldova	498	498	moldova	75	moldova	moldova	republic of			
Russian Federation	Russia	Russia	Russia	76	76	76	russia	Russian Federation	Russian Federation	Russian Federation	4272	643	50	Russian Federation	Russia	Russia	Russia	643	Russian Federation	Russian Federation	643	Russia	RUS	RUS	RU2	Russian Federation (CIS)	RUS	Russia	RUS	Russian Federation	RUS	Russian Federation	RUS	RUSSIA	1	russia	50	russian federation	643	643	russian federation	76	russia	russia	ru			
Ukraine	Ukraine	Ukraine	Ukraine	77	77	77	ukraine	Ukraine	Ukraine	Ukraine	4303	804	49	Ukraine	Ukraine	Ukraine	Ukraine	804	Ukraine	Ukraine	804	Ukraine	UKR	UKR	UKR	Ukraine	UKR	Ukraine	UKR	Ukraine	UKR	Ukraine	UKR	UKRAINE	1	ukraine	49	ukraine	804	804	ukraine	77	ukraine	ukraine	ua			
Burkina Faso	Burkina Faso	Burkina Faso	Burkina Faso	78	78	78	burkina faso	Burkina Faso	Burkina Faso	Burkina Faso					Burkina Faso	Burkina Faso		854	Burkina Faso	Burkina Faso	854		BFA	BFA	BFA	Burkina Faso	BFA	Burkina Faso	BFA	Burkina Faso	BFA	Burkina Faso	BFA	BURKINA FASO	6	burkina faso	110	burkina faso	854	854	burkina faso	78	burkina faso	burkina faso	bf			
Cameroon	Cameroon	Cameroon	Cameroon	79	79	79	cameroon	Cameroon	Cameroon	Cameroon					Cameroon	Cameroon		120	Cameroon	Cameroon	120		CMR	CMR	CMR	Cameroon	CMR	Cameroon	CMR	Cameroon	CMR	Cameroon	CMR	CAMEROON	6			cameroon	120	120	cameroon	79	cameroon	cameroon	cm			
Sierra Leone	Sierra Leone	Sierra Leone	Sierra Leone	80	80	80	sierra leone	Sierra Leone	Sierra Leone	Sierra Leone					Sierra Leone	Sierra Leone		694	Sierra Leone	Sierra Leone	694		SLE	SLE	SLE	Sierra Leone	SLE	Sierra Leone	SLE	Sierra Leone	SLE	Sierra Leone	SLE	SIERRA LEONE	6			sierra leone	694	694	sierra leone	80	sierra leone	sierra leone	sl			
Zimbabwe	Zimbabwe	Zimbabwe	Zimbabwe	81	81	81	zimbabwe	Zimbabwe	Zimbabwe	Zimbabwe	1570	716		Zimbabwe	Zimbabwe	Zimbabwe	Zimbabwe	716	Zimbabwe	Zimbabwe	716		ZWE	ZWE	ZWE	Zimbabwe	ZWE	Zimbabwe	ZWE	Zimbabwe	ZWE	Zimbabwe	ZWE	ZIMBABWE	6	zimbabwe	57	zimbabwe	716	716	zimbabwe	81	zimbabwe	zimbabwe	zw			
Costa Rica	Costa Rica	Costa Rica	Costa Rica	82	82	82	costa rica	Costa Rica	Costa Rica	Costa Rica	2140				Costa Rica	Costa Rica		188	Costa Rica	Costa Rica	188		CRI	CRI	CRI	Costa Rica	CRI	Costa Rica	CRI	Costa Rica	CRI	Costa Rica	CRI	COSTA RICA	4	costa rica	55	costa rica	188	188	costa rica	82	costa rica	costa rica	cr			
Albania	Albania	Albania	Albania	83	83	83	albania	Albania	Albania	Albania	4005	8		Albania	Albania	Albania	Albania	8	Albania	Albania	8		ALB	ALB	ALB	Albania	ALB	Albania	ALB	Albania	ALB	Albania	ALB	ALBANIA	1	albania	72	albania	8	8	albania	83	albania	albania	al			
Algeria	Algeria	Algeria		84	84	84	algeria	Algeria	Algeria	Algeria		12		Algeria	Algeria	Algeria	Algeria	12	Algeria	Algeria	12		DZA	DZA	DZA	Algeria	DZA	Algeria	DZA	Algeria	DZA	Algeria	DZA	ALGERIA	6	algeria	96	algeria	12	12	algeria	84	algeria	algeria	dz			
Andorra	Andorra				85	85	andorra	Andorra	Andorra	Andorra						Andorra				Andorra	20		AND	AND					ADO	Andorra			ADO	ANDORRA	99	andorra	108	andorra	20	20	andorra	85	andorra	andorra	ad			
Antigua and Barbuda	Antigua and Barbuda	Antigua and Barbuda			86	86	antigua & barbuda	Antigua and Barbuda	Antigua and Barbuda	Antigua and Barbuda						Antigua And Barbuda				Antigua and Barbuda	28		ATG	ATG	ATG	Antigua and Barbuda	ATG	Antigua and Barbuda	ATG	Antigua and Barbuda			ATG	ANTIGUA AND BARBUDA	4			antigua and barbuda	28	28	antigua and barbuda	86	antigua & barbuda	antigua and barbuda	ag			
Argentina	Argentina	Argentina	Argentina	87	87	87	argentina	Argentina	Argentina	Argentina	2020	32	22	Argentina	Argentina	Argentina	Argentina	32	Argentina	Argentina	32	Argentina	ARG	ARG	ARG	Argentina	ARG	Argentina	ARG	Argentina	ARG	Argentina	ARG	ARGENTINA	4	argentina	22	argentina	32	32	argentina	87	argentina	argentina	ar			
Armenia	Armenia	Armenia	Armenia	88	88	88	armenia	Armenia	Armenia	Armenia	4007	51	63	Armenia	Armenia	Armenia	Armenia	51	Armenia	Armenia	51	Armenia	ARM	ARM	ARM	Armenia	ARM	Armenia	ARM	Armenia	ARM	Armenia	ARM	ARMENIA	1	armenia	63	armenia	51	51	armenia	88	armenia	armenia	am			
Austria	Austria	Austria	Austria	89	89	89	austria	Austria	Austria	Austria	4010	40	42	Austria	Austria	Austria	Austria	40	Austria	Austria	40	Austria	AUT	AUT	AUT	Austria	AUT	Austria	AUT	Austria	AUT	Austria	AUT	AUSTRIA	2	austria	42	austria	40	40	austria	89	austria	austria	at			
Azerbaijan	Azerbaijan	Azerbaijan	Azerbaijan	90	90	90	azerbaijan	Azerbaijan	Azerbaijan	Azerbaijan	4012	31	64		Azerbaijan	Azerbaijan		31	Azerbaijan	Azerbaijan	31	Azerbaijan	AZE	AZE	AZE	Azerbaijan	AZE	Azerbaijan	AZE	Azerbaijan	AZE	Azerbaijan	AZE	AZERBAIJAN	1	azerbaijan	64	azerbaijan	31	31	azerbaijan	90	azerbaijan	azerbaijan	az			
Bahamas, The	Bahamas	Bahamas, The			91	91	bahamas	Bahamas	Bahamas	Bahamas	2030				Bahamas	Bahamas		44	Bahamas	Bahamas	44		BHS	BHS	BHS	Bahamas, The	BHS	Bahamas	BHS	Bahamas, The	BHS	Bahamas	BHS	BAHAMAS	99			bahamas	44	44	bahamas	91	bahamas	bahamas	bs			
Bahrain	Bahrain	Bahrain			92	92	bahrain	Bahrain	Bahrain	Bahrain	3020				Bahrain	Bahrain		48	Bahrain	Bahrain	48		BHR	BHR	BHR	Bahrain	BHR	Bahrain	BHR	Bahrain			BHR	BAHRAIN	7			bahrain	48	48	bahrain	92	bahrain	bahrain	bh			
Barbados	Barbados	Barbados			93	93	barbados	Barbados	Barbados	Barbados	2040				Barbados	Barbados		52	Barbados	Barbados	52		BRB	BRB	BRB	Barbados	BRB	Barbados	BRB	Barbados	BRB	Barbados	BRB	BARBADOS	4			barbados	52	52	barbados	93	barbados	barbados	bb			
Belize	Belize	Belize		94	94	94	belize	Belize	Belize	Belize	2045				Belize	Belize		84	Belize	Belize	84		BLZ	BLZ	BLZ	Belize	BLZ	Belize	BLZ	Belize			BLZ	BELIZE	4			belize	84	84	belize	94	belize	belize	bz			
Bhutan	Bhutan	Bhutan			95	95	bhutan	Bhutan	Bhutan	Bhutan					Bhutan	Bhutan		64	Bhutan	Bhutan	64		BTN	BTN	BTN	Bhutan	BTN	Bhutan	BTN	Bhutan			BTN	BHUTAN	99			bhutan	64	64	bhutan	95	bhutan	bhutan	bt			
Bolivia	Bolivia	Bolivia	Bolivia	96	96	96	bolivia	Bolivia	Bolivia	Bolivia					Bolivia	Bolivia		68	Bolivia	Bolivia	68		BOL	BOL	BOL	Bolivia	BOL	Bolivia	BOL	Bolivia	BOL	Bolivia	BOL	BOLIVIA	4			bolivia	68	68	bolivia	96	bolivia	bolivia	bo			
Bosnia and Herzegovina	Bosnia-Herzegovina	Bosnia and Herzegovina	Bosnia Herzegovina	97	97	97	bosnia herzegovina	Bosnia and Herzegovina	Bosnia and Herzegovina	Bosnia and Herzegovina	4025	70	93		Bosnia and Herzegovina	Bosnia-Herzegovina				Bosnia and Herzegovina	70	Bosnia Herceg	BIH	BIH	BIH	Bosnia and Herzegovina	BIH	Bosnia and Herzegovina	BIH	Bosnia and Herzegovina	BIH	Bosnia and Herzegovina	BIH	BOSNIA-HERZEGOVINA	1	bosnia	93	bosnia and herzegovina	70	70	bosnia and herzegovina	97	bosnia herzegovina	bosnia and herzegovina	ba			
Brunei Darussalam	Brunei				98	98	brunei								Brunei	Brunei				Brunei Darussalam	96		BRN		BRN	Brunei Darussalam	BRN	Brunei	BRN	Brunei Darussalam			BRN	BRUNEI	5			brunei darussalam	96	96	brunei darussalam	98	brunei	brunei darussalam	bn			
Bulgaria	Bulgaria	Bulgaria		99	99	99	bulgaria	Bulgaria	Bulgaria	Bulgaria	4030	100	36	Bulgaria	Bulgaria	Bulgaria	Bulgaria	100	Bulgaria	Bulgaria	100	Bulgaria	BGR	BGR	BGR	Bulgaria	BGR	Bulgaria	BGR	Bulgaria	BGR	Bulgaria	BGR	BULGARIA	1	bulgaria	36	bulgaria	100	100	bulgaria	99	bulgaria	bulgaria	bg			
Burundi	Burundi	Burundi	Burundi	100	100	100	burundi	Burundi	Burundi	Burundi					Burundi	Burundi		108	Burundi	Burundi	108		BDI	BDI	BDI	Burundi	BDI	Burundi	BDI	Burundi	BDI	Burundi	BDI	BURUNDI	6			burundi	108	108	burundi	100	burundi	burundi	bi			
Cape Verde	Cape Verde	Cape Verde			101	101	cape verde	Cape Verde	Cape Verde	Cape Verde					Cape Verde	Cape Verde		132	Cape Verde	Cape Verde	132		CPV	CPV	CPV	Cape Verde	CPV	Cape Verde	CPV	Cape Verde			CPV	CAPE VERDE	99			cape verde	132	132	cape verde	101	cape verde	cape verde	cv			
Central African Republic	Central African Republic	Central African Republic		102	102	102	central african republic	Central African Republic	Central African Republic	Central African Republic					Central African Republic	Central African Republic		140	Central African Republic	Central African Republic	140		CAF	CAF	CAF	Central African Republic	CAF	Central African Republic	CAF	Central African Republic	CAF	Central African Republic	CAF	CENTRAL AFRICAN REPUBLIC	6			central african republic	140	140	central african republic	102	central african republic	central african republic	cf			
Chad	Chad	Chad	Chad	103	103	103	chad	Chad	Chad	Chad					Chad	Chad				Chad	148		TCD	TCD	TCD	Chad	TCD	Chad	TCD	Chad	TCD	Chad	TCD	CHAD	6			chad	148	148	chad	103	chad	chad	td			
Chile	Chile	Chile	Chile	104	104	104	chile	Chile	Chile	Chile	2120	152	30	Chile	Chile	Chile	Chile	152	Chile	Chile	152	Chile	CHL	CHL	CHL	Chile	CHL	Chile	CHL	Chile	CHL	Chile	CHL	CHILE	4	chile	30	chile	152	152	chile	104	chile	chile	cl			
Colombia	Colombia	Colombia	Columbia	105	105	105	colombia	Colombia	Colombia	Colombia	2130	170	73		Colombia	Colombia		170	Colombia	Colombia	170	Colombia	COL	COL	COL	Colombia	COL	Colombia	COL	Colombia	COL	Colombia	COL	COLOMBIA	4	colombia	73	colombia	170	170	colombia	105	colombia	colombia	co			
Comoros	Comoros	Comoros			106	106	comoros	Comoros	Comoros	Comoros					Comoros	Comoros				Comoros	174		COM	COM	COM	Comoros	COM	Comoros	COM	Comoros			COM	COMOROS	6			comoros	174	174	comoros	106	comoros	comoros	km			
Congo, Dem. Rep.	Congo, Dem. Rep. (Zaire)	Congo, Democratic Republic of		107	107	107	congo (kinshasa)	Democratic Republic of the Congo	Democratic Republic of the Congo	Democratic Republic of the Congo					Congo, Dem. Rep.	Congo, Dem. Rep. (Zaire)		180	Democratic Republic of the Congo	Democratic Republic of the Congo	180		COD	COD	ZAR	Congo, Dem. Rep.	ZAR	Congo, Dem. Rep.	ZAR	Congo, Dem. Rep.			ZAR	Congo, Dem. Rep.	6			democratic republic of the congo	180	180	democratic republic of the congo	107	congo (kinshasa)					
Congo, Rep.	Congo	Congo			108	108	congo brazzaville	Congo	Congo	Congo					Congo, Republic of	Congo		178	Congo	Congo	178		COG	COG			COG	Congo, Republic of	COG	Congo, Rep.	COG	Congo	COG	CONGO	6			congo	178	178	congo	108	congo brazzaville	congo	cg			
Croatia	Croatia	Croatia	Croatia	109	109	109	croatia	Croatia	Croatia	Croatia	4038	191	84	Croatia	Croatia	Croatia	Croatia	191	Croatia	Croatia	191	Croatia	HRV	HRV	HRV	Croatia	HRV	Croatia	HRV	Croatia	HRV	Croatia	HRV	CROATIA	1	croatia	84	croatia	191	191	croatia	109	croatia	croatia	hr			
Cuba	Cuba	Cuba	Cuba	110	110	110	cuba	Cuba	Cuba	Cuba	2150				Cuba	Cuba				Cuba	192		CUB	CUB			CUB	Cuba	CUB	Cuba	CUB	Cuba	CUB	CUBA	4	cuba	94	cuba	192	192	cuba	110	cuba	cuba	cu			
Cyprus	Cyprus	Cyprus	Cyprus	111	111	111	cyprus	Cyprus	Cyprus	Cyprus					Cyprus	Cyprus		196	Cyprus	Cyprus	196		CYP	CYP	CYP	Cyprus	CYP	Cyprus	CYP	Cyprus	CYP	Cyprus	CYP	CYPRUS	2	cyprus	95	cyprus	196	196	cyprus	111	cyprus	cyprus	cy			
dominica	Djibouti				112	112	djibouti	Djibouti	Djibouti	Djibouti					Djibouti	Djibouti				Djibouti	262		DJI	DJI	DJI	Djibouti	DJI	Djibouti	DJI	Djibouti	DJI	Djibouti	DJI	DJIBOUTI	6			djibouti	262	262	djibouti	112	djibouti	djibouti	dj			
Dominica	Dominica	Dominica			113	113	dominica				2160				Dominica	Dominica		212	Dominica	Dominica	212		DMA		DMA	Dominica	DMA	Dominica	DMA	Dominica			DMA	DOMINICA	99			dominica	212	212	dominica	113	dominica	dominica	dm			
Dominican Republic	Dominican Rep	Dominican Republic	Dominican Republic	114	114	114	dominican republic	Dominican Republic	Dominican Republic	Dominican Republic	2170	214	68		Dominican Republic	Dominican Rep	Dominican Rep	214	Dominican Republic	Dominican Republic	214	Dominic Rep	DOM	DOM							DOM	Dominican Republic			4	dominican republic	68	dominican republic	214	214	dominican republic	114	dominican republic	dominican republic	do			
Ecuador	Ecuador	Ecuador	Ecuador	115	115	115	ecuador	Ecuador	Ecuador	Ecuador	2180				Ecuador	Ecuador				Ecuador	218		ECU	ECU	ECU	Ecuador	ECU	Ecuador	ECU	Ecuador	ECU	Ecuador	ECU	ECUADOR	4			ecuador	218	218	ecuador	115	ecuador	ecuador	ec			
El Salvador	El Salvador	El Salvador	El Salvador	116	116	116	el salvador	El Salvador	El Salvador	El Salvador	2190	222		El Salvador	El Salvador	El Salvador	El Salvador	222	El Salvador	El Salvador	222		SLV	SLV	SLV	El Salvador	SLV	El Salvador	SLV	El Salvador	SLV	El Salvador	SLV	EL SALVADOR	4	el salvador	52	el salvador	222	222	el salvador	116	el salvador	el salvador	sv			
Equatorial Guinea	Equatorial Guinea	Equatorial Guinea			117	117	equatorial guinea	Equatorial Guinea	Equatorial Guinea	Equatorial Guinea					Equatorial Guinea	Equatorial Guinea		226	Equatorial Guinea	Equatorial Guinea	226		GNQ	GNQ	GNQ	Equatorial Guinea	GNQ	Equatorial Guinea	GNQ	Equatorial Guinea			GNQ	EQUATORIAL GUINEA	99			equatorial guinea	226	226	equatorial guinea	117	equatorial guinea	equatorial guinea	gq			
Eritrea	Eritrea	Eritrea			118	118	eritrea	Eritrea	Eritrea	Eritrea					Eritrea	Eritrea				Eritrea	232		ERI	ERI	ERI	Eritrea	ERI	Eritrea	ERI	Eritrea			ERI	ERITREA	99			eritrea	232	232	eritrea	118	eritrea	eritrea	er			
Estonia	Estonia	Estonia	Estonia	119	119	119	estonia	Estonia	Estonia	Estonia	4055	233	48	Estonia	Estonia	Estonia	Estonia	233	Estonia	Estonia	233	Estonia	EST	EST	EST	Estonia	EST	Estonia	EST	Estonia	EST	Estonia	EST	ESTONIA	1	estonia	48	estonia	233	233	estonia	119	estonia	estonia	ee			
Fiji	Fiji	Fiji			120	120	fiji	Fiji	Fiji	Fiji					Fiji	Fiji		242	Fiji	Fiji	242		FJI	FJI	FJI	Fiji	FJI	Fiji	FJI	Fiji	FJI	Fiji	FJI	FIJI	99			fiji	242	242	fiji	120	fiji	fiji	fj			
Finland	Finland	Finland	Finland	121	121	121	finland	Finland	Finland	Finland	4070	246	23	Finland	Finland	Finland	Finland	246	Finland	Finland	246	Finland	FIN	FIN	FIN	Finland	FIN	Finland	FIN	Finland	FIN	Finland	FIN	FINLAND	2	finland	23	finland	246	246	finland	121	finland	finland	fi			
Gabon	Gabon	Gabon			122	122	gabon	Gabon	Gabon	Gabon					Gabon	Gabon		266	Gabon	Gabon	266		GAB	GAB	GAB	Gabon	GAB	Gabon	GAB	Gabon	GAB	Gabon	GAB	GABON	99			gabon	266	266	gabon	122	gabon	gabon	ga			
Grenada	Grenada	Grenada			123	123	grenada	Grenada	Grenada	Grenada	2230				Grenada	Grenada		308	Grenada	Grenada	308		GRD	GRD	GRD	Grenada	GRD	Grenada	GRD	Grenada			GRD	GRENADA	4			grenada	308	308	grenada	123	grenada	grenada	gd			
Guatemala	Guatemala	Guatemala	Guatemala	124	124	124	guatemala	Guatemala	Guatemala	Guatemala	2250				Guatemala	Guatemala		320	Guatemala	Guatemala	320		GTM	GTM	GTM	Guatemala	GTM	Guatemala	GTM	Guatemala	GTM	Guatemala	GTM	GUATEMALA	4	guatemala	98	guatemala	320	320	guatemala	124	guatemala	guatemala	gt			
Guinea	Guinea	Guinea		125	125	125	guinea	Guinea	Guinea	Guinea					Guinea	Guinea				Guinea	324		GIN	GIN	GIN	Guinea	GIN	Guinea	GIN	Guinea	GIN	Guinea	GIN	GUINEA	6			guinea	324	324	guinea	125	guinea	guinea	gn			
Guinea-Bissau	Guinea-Bissau	Guinea-Bissau			126	126	guinea-bissau	Guinea-Bissau	Guinea-Bissau	Guinea-Bissau					Guinea-Bissau	Guinea-Bissau		624	Guinea-Bissau	Guinea-Bissau	624		GNB	GNB	GNB	Guinea-Bissau	GNB	Guinea-Bissau	GNB	Guinea-Bissau	GNB	Guinea-Bissau	GNB	GUINEA-BISSAU	99			guinea-bissau	624	624	guinea-bissau	126	guinea-bissau	guinea-bissau	gw			
Guyana	Guyana	Guyana		127	127	127	guyana	Guyana	Guyana	Guyana	2260				Guyana	Guyana		328	Guyana	Guyana	328		GUY	GUY	GUY	Guyana	GUY	Guyana	GUY	Guyana	GUY	Guyana	GUY	GUYANA	4			guyana	328	328	guyana	127	guyana	guyana	gy			
Haiti	Haiti	Haiti	Haiti	128	128	128	haiti	Haiti	Haiti	Haiti	2270				Haiti	Haiti				Haiti	332		HTI	HTI	HTI	Haiti	HTI	Haiti	HTI	Haiti	HTI	Haiti	HTI	HAITI	4			haiti	332	332	haiti	128	haiti	haiti	ht			
Honduras	Honduras	Honduras	Honduras	129	129	129	honduras	Honduras	Honduras	Honduras					Honduras	Honduras		340	Honduras	Honduras	340		HND	HND	HND	Honduras	HND	Honduras	HND	Honduras	HND	Honduras	HND	HONDURAS	4			honduras	340	340	honduras	129	honduras	honduras	hn			
Iceland	Iceland	Iceland			130	130	iceland	Iceland	Iceland	Iceland	4160	352	21	Iceland	Iceland	Iceland	Iceland	352	Iceland	Iceland	352	Iceland	ISL	ISL	ISL	Iceland	ISL	Iceland	ISL	Iceland	ISL	Iceland	ISL	ICELAND	2	iceland	21	iceland	352	352	iceland	130	iceland	iceland	is			
Iraq	Iraq	Iraq	Iraq	131	131	131	iraq	Iraq	Iraq	Iraq					Iraq	Iraq		368	Iraq	Iraq	368		IRQ	IRQ	IRQ	Iraq	IRQ	Iraq	IRQ	Iraq	IRQ	Iraq	IRQ	IRAQ	7	iraq	97	iraq	368	368	iraq	131	iraq	iraq	iq			
Ireland	Ireland	Ireland	Ireland	132	132	132	ireland	Ireland	Ireland	Ireland	4170	372	9	Ireland	Ireland	Ireland	Ireland	372	Ireland	Ireland	372	Ireland	IRL	IRL	IRL	Ireland	IRL	Ireland	IRL	Ireland	IRL	Ireland	IRL	IRELAND	2	ireland	9	ireland	372	372	ireland	132	ireland	ireland	ie			
					133	133	island nations (11)																																			133	island nations (11)					
Ivory Coast	Ivory Coast				134	134	ivory coast									Ivory Coast		384			384		CIV		CIV		CIV		CIV		CIV		CIV		6				384	384	ivory coast	134	ivory coast		ci			
	Cote d'Ivoire	Cote d'Ivoire				-126									Cote d`Ivoire				Cote d'Ivoire	Cote d'Ivoire						Cote d'Ivoire		Cote d`Ivoire		Cote d'Ivoire	CIV	Cote d`Ivoire		COTE D'IVOIRE	6			cote d'ivoire						cote d'ivoire				
Jamaica	Jamaica	Jamaica	Jamaica	135	135	135	jamaica	Jamaica	Jamaica	Jamaica	2290				Jamaica	Jamaica		388	Jamaica	Jamaica	388		JAM	JAM	JAM	Jamaica	JAM	Jamaica	JAM	Jamaica	JAM	Jamaica	JAM	JAMAICA	4			jamaica	388	388	jamaica	135	jamaica	jamaica	jm			
Kiribati	Kiribati	Kiribati			136	136	kiribati	Kiribati	Kiribati	Kiribati					Kiribati	Kiribati				Kiribati	296		KIR	KIR	KIR	Kiribati	KIR	Kiribati	KIR	Kiribati			KIR	KIRIBATI	98			kiribati	296	296	kiribati	136	kiribati	kiribati	ki			
Kuwait	Kuwait	Kuwait	Kuwait	137	137	137	kuwait	Kuwait	Kuwait	Kuwait	3190				Kuwait	Kuwait		414	Kuwait	Kuwait	414		KWT	KWT	KWT	Kuwait	KWT	Kuwait	KWT	Kuwait			KWT	KUWAIT	7			kuwait	414	414	kuwait	137	kuwait	kuwait	kw			
Latvia	Latvia	Latvia	Latvia	138	138	138	latvia	Latvia	Latvia	Latvia	4186	428	47	Latvia	Latvia	Latvia	Latvia	428	Latvia	Latvia	428	Latvia	LVA	LVA	LVA	Latvia	LVA	Latvia	LVA	Latvia	LVA	Latvia	LVA	LATVIA	1	latvia	47	latvia	428	428	latvia	138	latvia	latvia	lv			
Lesotho	Lesotho	Lesotho			139	139	lesotho	Lesotho	Lesotho	Lesotho					Lesotho	Lesotho		426	Lesotho	Lesotho	426		LSO	LSO	LSO	Lesotho	LSO	Lesotho	LSO	Lesotho	LSO	Lesotho	LSO	LESOTHO	99			lesotho	426	426	lesotho	139	lesotho	lesotho	ls			
Liberia	Liberia			140	140	140	liberia	Liberia	Liberia	Liberia					Liberia	Liberia				Liberia	430		LBR	LBR	LBR	Liberia	LBR	Liberia	LBR	Liberia	LBR	Liberia	LBR	LIBERIA	6			liberia	430	430	liberia	140	liberia	liberia	lr			
Libya	Libya	Libya			141	141	libya	Libyan Arab Jamahiriya	Libyan Arab Jamahiriya	Libyan Arab Jamahiriya					Libya	Libya		434	Libyan Arab Jamahiriya	Libyan Arab Jamahiriya	434		LBY	LBY	LBY	Libya	LBY	Libya	LBY	Libya			LBY	LIBYA	6			libyan arab jamahiriya	434	434	libyan arab jamahiriya	141	libya	libyan arab jamahiriya	ly			
					142	142	lichtenstein																																			142	lichtenstein					
Lithuania	Lithuania	Lithuania	Lithuania	143	143	143	lithuania	Lithuania	Lithuania	Lithuania	4188	440	46	Lithuania	Lithuania	Lithuania	Lithuania	440	Lithuania	Lithuania	440	Lithuania	LTU	LTU	LTU	Lithuania	LTU	Lithuania	LTU	Lithuania	LTU	Lithuania	LTU	LITHUANIA	1	lithuania	46	lithuania	440	440	lithuania	143	lithuania	lithuania	lt			
Luxembourg	Luxembourg	Luxembourg			144	144	luxembourg	Luxembourg	Luxembourg	Luxembourg	4190	442		Luxembourg	Luxembourg	Luxembourg	Luxembourg	442	Luxembourg	Luxembourg	442		LUX	LUX	LUX	Luxembourg	LUX	Luxembourg	LUX	Luxembourg	LUX	Luxembourg	LUX	LUXEMBOURG	2	luxemburg	86	luxembourg	442	442	luxembourg	144	luxembourg	luxembourg	lu			
Macedonia, FYR	Macedonia	Macedonia, Former Yugoslav Republic of	Macedonia Republic Of	145	145	145	macedonia	Macedonia Republic Of	Macedonia			807	83		Macedonia	Macedonia		807	The former Yugoslav Republic of Macedonia	The former Yugoslav Republic of Macedonia	807	Macedonia	MKD		MKD	Macedonia, FYR	MKD	Macedonia	MKD	Macedonia, FYR	MKD	Macedonia, FYR	MKD	MACEDONIA	2	macedonia	83	macedonia, republic of	807	807	macedonia	145	macedonia	macedonia	mk			
Malaysia	Malaysia	Malaysia	Malaysia	146	146	146	malaysia	Malaysia	Malaysia	Malaysia	3236				Malaysia	Malaysia		458	Malaysia	Malaysia	458		MYS	MYS	MYS	Malaysia	MYS	Malaysia	MYS	Malaysia	MYS	Malaysia	MYS	MALAYSIA	5	malaysia	109	malaysia	458	458	malaysia	146	malaysia	malaysia	my			
Maldives	Maldives	Maldives			147	147	maldives	Maldives	Maldives	Maldives					Maldives	Maldives				Maldives	462		MDV	MDV	MDV	Maldives	MDV	Maldives	MDV	Maldives			MDV	MALDIVES	99			maldives	462	462	maldives	147	maldives	maldives	mv			
Malta	Malta	Malta			148	148	malta	Malta	Malta	Malta	4200	470		Malta	Malta	Malta	Malta	470	Malta	Malta	470		MLT	MLT	MLT	Malta	MLT	Malta	MLT	Malta	MLT	Malta	MLT	MALTA	2	malta	76	malta	470	470	malta	148	malta	malta	mt			
Marshall Islands	Marshall Islands				149	149	marshall islands	Marshall Islands	Marshall Islands	Marshall Islands						Marshall Islands				Marshall Islands	584		MHL	MHL	MHL	Marshall Islands	MHL	Marshall Islands	MHL	Marshall Islands			MHL	MARSHALL ISLANDS	98			marshall islands	584	584	marshall islands	149	marshall islands	marshall islands	mh			
Mauritius	Mauritius	Mauritius			150	150	mauritius	Mauritius	Mauritius	Mauritius	1300				Mauritius	Mauritius		480	Mauritius	Mauritius	480		MUS	MUS	MUS	Mauritius	MUS	Mauritius	MUS	Mauritius	MUS	Mauritius	MUS	MAURITIUS	99			mauritius	480	480	mauritius	150	mauritius	mauritius	mu			
Micronesia, Fed. Sts.	Micronesia				151	151	micronesia								Micronesia, Fed. Sts.	Micronesia							FSM		FSM	Micronesia, Fed. Sts.	FSM	Micronesia, Fed. Sts.	FSM	Micronesia, Fed. Sts.			FSM	MICRONESIA	98			micronesia (federated states of)	583	583	micronesia	151	micronesia	micronesia	federated states of			
Monaco	Monaco				152	152	monaco	Monaco	Monaco	Monaco	4205					Monaco				Monaco	492		MCO	MCO					MCO	Monaco			MCO	MONACO	99			monaco	492	492	monaco	152	monaco	monaco	mc			
Mongolia	Mongolia	Mongolia		153	153	153	mongolia	Mongolia	Mongolia	Mongolia					Mongolia	Mongolia		496	Mongolia	Mongolia	496		MNG	MNG	MNG	Mongolia	MNG	Mongolia	MNG	Mongolia	MNG	Mongolia	MNG	MONGOLIA	5			mongolia	496	496	mongolia	153	mongolia	mongolia	mn			
Montenegro		Montenegro	Montenegro	154	154	154	montenegro	Montenegro	Montenegro	Montenegro		912	82		Serbia and Montenegro	Serbia And Montenegro				Montenegro	499	Montenegro	MNT	MNT	MNE	Montenegro	MNE	Montenegro	MNE	Montenegro	MNE	Serbia And Montenegro	MNP	MONTENEGRO	1			montenegro	912	912	montenegro	154	montenegro					
Namibia	Namibia	Namibia		155	155	155	namibia	Namibia	Namibia	Namibia					Namibia	Namibia		516	Namibia	Namibia	516		NAM	NAM	NAM	Namibia	NAM	Namibia	NAM	Namibia	NAM	Namibia	NAM	NAMIBIA	6			namibia	516	516	namibia	155	namibia	namibia	na			
Nauru	Nauru				156	156	nauru	Nauru	Nauru	Nauru						Nauru				Nauru	520		NRU	NRU									NRU	NAURU	99			nauru	520	520	nauru	156	nauru	nauru	nr			
Nepal	Nepal	Nepal	Nepal	157	157	157	nepal	Nepal	Nepal	Nepal					Nepal	Nepal		524	Nepal	Nepal	524		NPL	NPL	NPL	Nepal	NPL	Nepal	NPL	Nepal	NPL	Nepal	NPL	NEPAL	5			nepal	524	524	nepal	157	nepal	nepal	np			
Nicaragua	Nicaragua	Nicaragua	Nicaragua	158	158	158	nicaragua	Nicaragua	Nicaragua	Nicaragua	2340				Nicaragua	Nicaragua		558	Nicaragua	Nicaragua	558		NIC	NIC	NIC	Nicaragua	NIC	Nicaragua	NIC	Nicaragua	NIC	Nicaragua	NIC	NICARAGUA	4			nicaragua	558	558	nicaragua	158	nicaragua	nicaragua	ni			
Korea, Dem. Rep.	Korea, North				159	159	north korea	Democratic People's Republic of Korea	Democratic People's Republic of Korea	Democratic People's Republic of Korea					Korea, Dem. Rep.	Korea, North				Korea, Democratic People's Republic of	408		PRK	PRK					PRK	Korea, Dem. Rep.			PRK	KOREA, NORTH	99			democratic people's republic of korea	408	408	democratic people's republic of korea	159	north korea					
Norway	Norway	Norway	Norway	160	160	160	norway	Norway	Norway	Norway	4220	578	18		Norway	Norway	Norway	578	Norway	Norway	578	Norway	NOR	NOR	NOR	Norway	NOR	Norway	NOR	Norway	NOR	Norway	NOR	NORWAY	2	norway	18	norway	578	578	norway	160	norway	norway	no			
Oman	Oman	Oman			161	161	oman	Oman	Oman	Oman					Oman	Oman		512	Oman	Oman	512		OMN	OMN	OMN	Oman	OMN	Oman	OMN	Oman			OMN	OMAN	99			oman	512	512	oman	161	oman	oman	om			
Palau	Palau				162	162	palau	Palau	Palau	Palau					Palau	Palau				Palau	585		PLW	PLW	PLW	Palau	PLW	Palau	PLW	Palau			PCI	PALAU	99			palau	585	585	palau	162	palau	palau	pw			
Panama	Panama	Panama	Panama	163	163	163	panama	Panama	Panama	Panama	2350				Panama	Panama		591	Panama	Panama	591		PAN	PAN	PAN	Panama	PAN	Panama	PAN	Panama	PAN	Panama	PAN	PANAMA	4			panama	591	591	panama	163	panama	panama	pa			
Paraguay	Paraguay	Paraguay	Paraguay	164	164	164	paraguay	Paraguay	Paraguay	Paraguay	2360				Paraguay	Paraguay		600	Paraguay	Paraguay	600		PRY	PRY	PRY	Paraguay	PRY	Paraguay	PRY	Paraguay	PRY	Paraguay	PRY	PARAGUAY	4			paraguay	600	600	paraguay	164	paraguay	paraguay	py			
Peru	Peru	Peru	Peru	165	165	165	peru	Peru	Peru	Peru	2370	604	51	Peru	Peru	Peru	Peru	604	Peru	Peru	604	Peru	PER	PER	PER	Peru	PER	Peru	PER	Peru	PER	Peru	PER	PERU	4	peru	51	peru	604	604	peru	165	peru	peru	pe			
Portugal	Portugal	Portugal	Portugal	166	166	166	portugal	Portugal	Portugal	Portugal	4240	620	41	Portugal	Portugal	Portugal	Portugal	620	Portugal	Portugal	620	Portugal	PRT	PRT	PRT	Portugal	PRT	Portugal	PRT	Portugal	PRT	Portugal	PRT	PORTUGAL	2	portugal	41	portugal	620	620	portugal	166	portugal	portugal	pt			
Puerto Rico	Puerto Rico	Puerto Rico	Puerto Rico	167	167	167	puerto rico	Puerto Rico	Puerto Rico		2380	630	27	Puerto Rico	Puerto Rico	Puerto Rico	Puerto Rico			Puerto Rico	630	Puerto Rico	PRI				PRI	Puerto Rico	PRI	Puerto Rico	PRI	Puerto Rico	PRI	PUERTO RICO	4	puerto rico	27	puerto rico	630	630	puerto rico	167	puerto rico	puerto rico	pr			
Qatar	Qatar	Qatar			168	168	qatar	Qatar	Qatar	Qatar					Qatar	Qatar		634	Qatar	Qatar	634		QAT	QAT	QAT	Qatar	QAT	Qatar	QAT	Qatar			QAT	QATAR	7			qatar	634	634	qatar	168	qatar	qatar	qa			
St. Lucia	St. Lucia	St. Lucia			169	169	saint lucia	Saint Lucia	Saint Lucia	Saint Lucia					St. Lucia	St. Lucia		662	Saint Lucia	Saint Lucia	662		LCA	LCA	LCA	St. Lucia	LCA	St. Lucia	LCA	St. Lucia			LCA	ST. LUCIA	99			saint lucia	662	662	saint lucia	169	saint lucia	saint lucia	lc			
Samoa	Samoa	Samoa			170	170	samoa	Samoa	Samoa	Samoa					Samoa	Samoa				Samoa	882		WSM	WSM	WSM	Samoa	WSM	Samoa	WSM	Samoa			SAM	SAMOA	99			samoa	882	882	samoa	170	samoa	samoa	ws			
San Marino	San Marino	San Marino			171	171	san marino	San Marino	San Marino	San Marino	4275					San Marino		674	San Marino	San Marino	674		SMR	SMR	SMR	San Marino			SMR	San Marino			SMR	SAN MARINO	99			san marino	674	674	san marino	171	san marino	san marino	sm			
Sao Tome And Principe	Sao Tome And Principe				172	172	sao tome & principe	Sao Tome and Principe	Sao Tome and Principe	Sao Tome and Principe	1385				Sao Tome and Principe	Sao Tome And Principe				Sao Tome and Principe	678		STP	STP	STP	Sao Tome and Principe	STP	Sao Tome and Principe	STP	Sao Tome and Principe			STP	SAO TOME AND PRINCIPE	6			sao tome and principe	678	678	sao tome and principe	172	sao tome & principe	sao tome and principe	st			
Serbia		Serbia	Serbia	173	173	173	serbia	Serbia	Serbia	Serbia		911	81		Serbia and Montenegro	Serbia And Montenegro				Serbia	688	Serbia	SRB	SRB	SRB	Serbia	SRB	Serbia	SRB	Serbia	SRB	Serbia	YUG	SERBIA	1	serbia	81	serbia	911	911	serbia	173	serbia	serbia	rs			
Seychelles	Seychelles	Seychelles			174	174	seychelles	Seychelles	Seychelles	Seychelles	1400				Seychelles	Seychelles		690	Seychelles	Seychelles	690		SYC	SYC	SYC	Seychelles	SYC	Seychelles	SYC	Seychelles	SYC	Seychelles	SYC	SEYCHELLES	5			seychelles	690	690	seychelles	174	seychelles	seychelles	sc			
Slovak Republic	Slovak Rep	Slovak Republic	Slovakia	175	175	175	slovakia	Slovakia	Slovakia	Slovakia	4274	703	85	Slovakia	Slovak Republic	Slovak Rep	Slovak Rep	703	Slovakia	Slovakia	703	Slovakia	SVK	SVK	SVK	Slovak Republic	SVK	Slovak Republic	SVK	Slovak Republic	SVK	Slovak Republic	SVK	SLOVAKIA	1	slovakia	85	slovakia	703	703	slovakia	175	slovakia	slovakia	sk			
Slovenia	Slovenia	Slovenia	Slovenia	176	176	176	slovenia	Slovenia	Slovenia	Slovenia	4276	705	35	Slovenia	Slovenia	Slovenia	Slovenia	705	Slovenia	Slovenia	705	Slovenia	SVN	SVN	SVN	Slovenia	SVN	Slovenia	SVN	Slovenia	SVN	Slovenia	SVN	SLOVENIA	1	slovenia	35	slovenia	705	705	slovenia	176	slovenia	slovenia	si			
Solomon Islands	Solomon Islands	Solomon Islands			177	177	solomon islands	Solomon Islands	Solomon Islands	Solomon Islands					Solomon Islands	Solomon Islands		90	Solomon Islands	Solomon Islands	90		SLB	SLB	SLB	Solomon Islands	SLB	Solomon Islands	SLB	Solomon Islands			SLB	SOLOMON ISLANDS	99			solomon islands	90	90	solomon islands	177	solomon islands	solomon islands	sb			
Somalia	Somalia				178	178	somalia	Somalia	Somalia	Somalia					Somalia	Somalia				Somalia	706		SOM	SOM	SOM	Somalia	SOM	Somalia	SOM	Somalia	SOM	Somalia	SOM	SOMALIA	99			somalia	706	706	somalia	178	somalia	somalia	so			
St. Kitts and Nevis	St. Kitts And Nevis	St. Kitts and Nevis			179	179	st. kitts & nevis	Saint Kitts and Nevis	Saint Kitts and Nevis	Saint Kitts and Nevis	2385				St. Kitts & Nevis	St. Kitts And Nevis		659	Saint Kitts and Nevis	Saint Kitts and Nevis	659		KNA	KNA	KNA	St. Kitts and Nevis	KNA	St. Kitts & Nevis	KNA	St. Kitts and Nevis			KNA	ST. KITTS AND NEVIS	99			saint kitts and nevis	659	659	saint kitts and nevis	179	st. kitts & nevis	saint kitts and nevis	kn			
St. Vincent and the Grenad	St. Vincent And The Grenadines	Saint Vincent and the Grenadines			180	180	st. vincent & grenadines	Saint Vincent and the Grenadines	Saint Vincent and the Grenadines	Saint Vincent and the Grenadines					St.Vincent & Grenadines	St. Vincent And The Grenadines		670	Saint Vincent and the Grenadines	Saint Vincent and the Grenadines	670		VCT	VCT	VCT	St. Vincent and the Grenadines	VCT	St.Vincent & Grenadines	VCT	St. Vincent and the Grenadines			VCT	ST. VINCENT AND THE GRENADINES	4			saint vincent and the grenadines	670	670	saint vincent and the grenadines	180	st. vincent & grenadines	saint vincent and the grenadines	vc			
Sudan	Sudan	Sudan		181	181	181	sudan	Sudan	Sudan	Sudan					Sudan	Sudan				Sudan	736		SDN	SDN	SDN	Sudan	SDN	Sudan	SDN	Sudan	SDN	Sudan	SDN	SUDAN	6			sudan	736	736	sudan	181	sudan	sudan	sd			
Suriname	Suriname	Suriname			182	182	suriname	Suriname	Suriname	Suriname	2430				Suriname	Suriname		740	Suriname	Suriname	740		SUR	SUR	SUR	Suriname	SUR	Suriname	SUR	Suriname	SUR	Suriname	SUR	SURINAME	4			suriname	740	740	suriname	182	suriname	suriname	sr			
Swaziland	Swaziland	Swaziland			183	183	swaziland	Swaziland	Swaziland	Swaziland					Swaziland	Swaziland		748	Swaziland	Swaziland	748		SWZ	SWZ	SWZ	Swaziland	SWZ	Swaziland	SWZ	Swaziland	SWZ	Swaziland	SWZ	SWAZILAND	99			swaziland	748	748	swaziland	183	swaziland	swaziland	sz			
Switzerland	Switzerland	Switzerland	Switzerland	184	184	184	switzerland	Switzerland	Switzerland	Switzerland	4300	756	26		Switzerland	Switzerland	Switzerland			Switzerland	756	Switzerland	CHE	CHE	CHE	Switzerland	CHE	Switzerland	CHE	Switzerland	CHE	Switzerland	CHE	SWITZERLAND	2	switzerland	26	switzerland	756	756	switzerland	184	switzerland	switzerland	ch			
Tajikistan	Tajikistan	Tajikistan	Tajikistan	185	185	185	tajikistan	Tajikistan	Tajikistan	Tajikistan	4301				Tajikistan	Tajikistan				Tajikistan	762		TJK	TJK	TJK	Tajikistan	TJK	Tajikistan	TJK	Tajikistan	TJK	Tajikistan	TJK	TAJIKISTAN	1			tajikistan	762	762	tajikistan	185	tajikistan	tajikistan	tj			
Gambia, The	Gambia	Gambia, The			186	186	the gambia	Gambia	Gambia	Gambia					Gambia, The	Gambia				Gambia	270		GMB	GMB	GMB	Gambia, The	GMB	Gambia, The	GMB	Gambia, The	GMB	Gambia	GMB	GAMBIA	99			gambia	270	270	gambia	186	the gambia	gambia	gm			
Togo	Togo	Togo	Togo	187	187	187	togo	Togo	Togo	Togo					Togo	Togo		768	Togo	Togo	768		TGO	TGO	TGO	Togo	TGO	Togo	TGO	Togo	TGO	Togo	TGO	TOGO	6			togo	768	768	togo	187	togo	togo	tg			
Tonga	Tonga	Tonga			188	188	tonga	Tonga	Tonga	Tonga					Tonga	Tonga				Tonga	776		TON	TON	TON	Tonga	TON	Tonga	TON	Tonga			TON	TONGA	98			tonga	776	776	tonga	188	tonga	tonga	to			
Trinidad and Tobago	Trinidad And Tobago	Trinidad and Tobago	Trinidad & Tobago	189	189	189	trinidad & tobago	Trinidad and Tobago	Trinidad and Tobago	Trinidad and Tobago	2440				Trinidad &Tobago	Trinidad And Tobago		780	Trinidad and Tobago	Trinidad and Tobago	780		TTO	TTO	TTO	Trinidad and Tobago	TTO	Trinidad &Tobago	TTO	Trinidad and Tobago	TTO	Trinidad and Tobago	TTO	TRINIDAD AND TOBAGO	4	trinidad and tobago	105	trinidad and tobago	780	780	trinidad and tobago	189	trinidad & tobago	trinidad and tobago	tt			
Tunisia	Tunisia	Tunisia		190	190	190	tunisia	Tunisia	Tunisia	Tunisia					Tunisia	Tunisia		788	Tunisia	Tunisia	788		TUN	TUN	TUN	Tunisia	TUN	Tunisia	TUN	Tunisia	TUN	Tunisia	TUN	TUNISIA	6			tunisia	788	788	tunisia	190	tunisia	tunisia	tn			
Turkmenistan	Turkmenistan	Turkmenistan			191	191	turkmenistan	Turkmenistan	Turkmenistan	Turkmenistan	4302				Turkmenistan	Turkmenistan				Turkmenistan	795		TKM	TKM	TKM	Turkmenistan	TKM	Turkmenistan	TKM	Turkmenistan	TKM	Turkmenistan	TKM	TURKMENISTAN	99			turkmenistan	795	795	turkmenistan	191	turkmenistan	turkmenistan	tm			
Tuvalu	Tuvalu				192	192	tuvalu	Tuvalu	Tuvalu	Tuvalu						Tuvalu				Tuvalu	798		TUV	TUV									TUV	TUVALU	98			tuvalu	798	798	tuvalu	192	tuvalu	tuvalu	tv			
United Arab Emirates	United Arab Emirates	United Arab Emirates	United Arab Emirates	193	193	193	united arab emirates	United Arab Emirates	United Arab Emirates	United Arab Emirates					United Arab Emirates	United Arab Emirates		784	United Arab Emirates	United Arab Emirates	784		ARE	ARE	ARE	United Arab Emirates	ARE	United Arab Emirates	ARE	United Arab Emirates			ARE	UNITED ARAB EMIRATES	7			united arab emirates	784	784	united arab emirates	193	united arab emirates	united arab emirates	ae			
Uruguay	Uruguay	Uruguay	Uruguay	194	194	194	uruguay	Uruguay	Uruguay	Uruguay	2460	858	54		Uruguay	Uruguay	Uruguay	858	Uruguay	Uruguay	858	Uruguay	URY	URY	URY	Uruguay	URY	Uruguay	URY	Uruguay	URY	Uruguay	URY	URUGUAY	4	uruguay	54	uruguay	858	858	uruguay	194	uruguay	uruguay	uy			
Uzbekistan	Uzbekistan	Uzbekistan	Uzbekistan	195	195	195	uzbekistan	Uzbekistan	Uzbekistan	Uzbekistan	4335				Uzbekistan	Uzbekistan				Uzbekistan	860		UZB	UZB	UZB	Uzbekistan	UZB	Uzbekistan	UZB	Uzbekistan	UZB	Uzbekistan	UZB	UZBEKISTAN	1			uzbekistan	860	860	uzbekistan	195	uzbekistan	uzbekistan	uz			
Vanuatu	Vanuatu				196	196	vanuatu	Vanuatu	Vanuatu	Vanuatu					Vanuatu	Vanuatu				Vanuatu	548		VUT	VUT	VUT	Vanuatu	VUT	Vanuatu	VUT	Vanuatu			VUT	VANUATU	98			vanuatu	548	548	vanuatu	196	vanuatu	vanuatu	vu			
Yemen, Rep.	Yemen	Yemen, Republic of		197	197	197	yemen	Yemen	Yemen	Yemen					Yemen	Yemen		887	Yemen	Yemen	887		YEM	YEM	YEM	Yemen, Rep.	YEM	Yemen	YEM	Yemen, Rep.	YEM	Yemen, Republic of	YEM	YEMEN	7			yemen	887	887	yemen	197	yemen	yemen	ye			
		Kosovo	Kosovo	198	198	198	kosovo	Kosovo	Kosovo						Serbia and Montenegro	Serbia And Montenegro													KSV	Kosovo			LWI	KOSOVO	2							198	kosovo					
American Samoa	American Samoa					-100										American Samoa													ASM	American Samoa			ASM	AMERICAN SAMOA	99			american samoa	16	16	american samoa			american samoa	as			
Anguilla	Anguilla					-101										Anguilla				Anguilla	660												AIA	ANGUILLA	99			anguilla	660	660	anguilla			anguilla	ai			
Aruba	Aruba	Aruba				-102										Aruba		533	Aruba	Aruba	533								ABW	Aruba			ABW	ARUBA	99			aruba	533	533	aruba			aruba	aw			
Bermuda	Bermuda					-103					2050				Bermuda	Bermuda				Bermuda	60						BMU	Bermuda	BMU	Bermuda			BMU	BERMUDA	2			bermuda	60	60	bermuda			bermuda	bm			
British Virgin Islands	British Virgin Islands					-104										British Virgin Islands				British Virgin Islands	92														99			british virgin islands	92	92	british virgin islands			virgin islands (british)	vg			
Cayman Islands	Cayman Islands					-105										Cayman Islands				Cayman Islands	136								CYM	Cayman Islands			CYM	CAYMAN ISLANDS	99			cayman islands	136	136	cayman islands			cayman islands	ky			
Cook Islands	Cook Islands					-106		Cook Islands	Cook Islands	Cook Islands						Cook Islands				Cook Islands	184		COK	COK									COK	COOK ISLANDS	99			cook islands	184	184	cook islands			cook islands	ck			
French Guiana	French Guiana					-107					2210					French Guiana																	GUF	FRENCH GUIANA	99			french guiana	254	254	french guiana			french guiana	gf			
French Polynesia	French Polynesia					-108										French Polynesia				French Polynesia	258								PYF	French Polynesia					99			french polynesia	258	258	french polynesia			french polynesia	pf			
Greenland	Greenland					-109										Greenland													GRL	Greenland					99			greenland	304	304	greenland			greenland	gl			
Guadeloupe	Guadeloupe					-110					2240					Guadeloupe																			4			guadeloupe	312	312	guadeloupe			guadeloupe	gp			
Guam	Guam					-111										Guam													GUM	Guam			GUM	GUAM	98			guam	316	316	guam			guam	gu			
Liechtenstein	Liechtenstein					-112										Liechtenstein				Liechtenstein	438								LIE	Liechtenstein			LIE	LIECHTENSTEIN	2			liechtenstein	438	438	liechtenstein			liechtenstein	li			
Macao, China	Macao	China, Macao Special Administrative Region				-113					3220				Macao	Macao		446	China, Macao Special Administrative Region	China, Macao Special Administrative Region	446		MAC		MAC	Macao, China	MAC	Macao	MAC	Macao SAR, China			MAC	MACAO	5			macao special administrative region of china	446	446	macao special administrative region of china							
Martinique	Martinique					-114					2300					Martinique																	MTQ	MARTINIQUE	99			martinique	474	474	martinique			martinique	mq			
Netherlands Antilles	Netherlands Antilles					-115					2330				Netherlands Antilles	Netherlands Antilles				Netherlands Antilles	530								ANT	Netherlands Antilles			ANT	NETHERLANDS ANTILLES	99			netherlands antilles	530	530	netherlands antilles			netherlands antilles	an			
New Caledonia	New Caledonia					-116										New Caledonia				New Caledonia	540								NCL	New Caledonia			NCL	NEW CALEDONIA	99			new caledonia	540	540	new caledonia			new caledonia	nc			
Niue	Niue					-117		Niue	Niue	Niue						Niue							NIU	NIU									NIU	NIUE	99			niue	570	570	niue			niue	nu			
Papua New Guinea	Papua New Guinea	Papua New Guinea				-118		Papua New Guinea	Papua New Guinea	Papua New Guinea					Papua New Guinea	Papua New Guinea		598	Papua New Guinea	Papua New Guinea	598		PNG	PNG	PNG	Papua New Guinea	PNG	Papua New Guinea	PNG	Papua New Guinea	PNG	Papua New Guinea	PNG	PAPUA NEW GUINEA	99			papua new guinea	598	598	papua new guinea			papua new guinea	pg			
Reunion	Reunion					-119										Reunion															REU	Reunion	REU	REUNION	99			reunion	638	638	reunion			reunion	re			
Serbia And Montenegro	Serbia And Montenegro					-120																									YUG	Serbia and Montenegro				serbia and montenegro	103			891	serbia and montenegro							
Timor, East	Timor, East					-121										Timor, East							TMP		TMP	Timor-Leste			TMP	Timor-Leste			TMP	TIMOR-LESTE	5			timor-leste	626	626	timor-leste			east timor	tp			
Turks And Caicos Islands	Turks And Caicos Islands					-122										Turks And Caicos Islands																			4			turks and caicos islands	796	796	turks and caicos islands			turks and caicos islands	tc			
Virgin Islands (U.S.)	Virgin Islands (U.S.)					-123										Virgin Islands (U.S.)													VIR	Virgin Islands (U.S.)			VIR	VIRGIN ISLANDS (U.S.)	99									virgin islands (u.s.)	vi			
	Andalusia					-124							78									Andalusia													2	andalusia	78	andalusia	906	906	andalusia							
	Basque					-125							75									Basque													2	basque country	75	basque country	904	904	basque country							
																																																
	E Germany					-127							34									E Germany													2	east germany	34			901	germany east							
	Galicia					-128							79									Galicia													2	galicia	79	galicia	907	907	galicia							
	Moscow					-129							45									Moscow														moscow	45	moscow	903	903	moscow							
	N Ireland					-130						909	10	Norther Ireland								N Ireland													2	n ireland	10	northern ireland	909	909	northern ireland							
						-131																																										
						-132																																										
	Tambov					-133							20									Tambov														tambov (rusia)	20	tambov	902	902	tambov							
	Valencia					-134							80									Valencia													2	valencia	80	valencia	910	910	valencia							
						-135												28	Antigua and Barbuda																99													
						-136																																										
						-137																																										
						-138																			AFR	AFRICA																						
						-139																			ASP	ASIA AND THE PACIFIC																						
						-140																			CIS	CIS																						
						-141																																										
						-142																			OEE	OECD-EUROSTAT																						
						-143																			SAM	SOUTH AMERICA																						
						-144																																										
						-145																																										
						-146																			WAS	WESTERN ASIA																						
						-147																			WLD	WORLD			WLD	World																		
						-148																																										
						-149																														srpska - serbian republic of bosnia	101	srpska - serbian republic of bosnia	913	913	srpska - serbian republic of bosnia							
						-150																														bosnia federation	102	bosnia federation	914	914	bosnia federation							
						-151																																mayotte	175	175	mayotte			mayotte	yt			
						-152																																faeroe islands	234	234	faeroe islands			faroe islands	fo			
						-153																																falkland islands (malvinas)	238	238	falkland islands (malvinas)			falkland islands (malvinas)	fk			
						-154																																gibraltar	292	292	gibraltar			gibraltar	gi			
						-155																																holy see	336	336	holy see			holy see (vatican city state)	va			
						-156																																montserrat	500	500	montserrat			montserrat	ms			
						-157																																norfolk island	574	574	norfolk island			norfolk island	nf			
						-158																																northern mariana islands	580	580	northern mariana islands			northern mariana islands	mp			
						-159																																pitcairn	612	612	pitcairn			pitcairn	pn			
						-160																																saint helena	654	654	saint helena			st. helena	sh			
						-161																																saint pierre and miquelon	666	666	saint pierre and miquelon			st. pierre and miquelon	pm			
						-162																																western sahara	732	732	western sahara			western sahara	eh			
						-163																																svalbard and jan mayen islands	744	744	svalbard and jan mayen islands			svalbard and jan mayen islands	sj			
						-164																																tokelau	772	772	tokelau			tokelau	tk			
						-165																																isle of man	833	833	isle of man							
						-166																																wallis and futuna islands	876	876	wallis and futuna islands			wallis and futuna islands	wf			
						-167																																										
						-168																																										
						-169																																										
						-170																																										
						-171																																										
						-172																																										
						-173																																										
						-174																																										
						-175																																										
						-176																																										
						-177																																										
						-178																																										
						-179																																										
						-180																																										
						-181																																										
						-182																																										
						-183																																										
						-184																																										
						-185																																										
						-186																																										
																																																
																											TLS	Timor-Leste																				
																											CH2	China Version 2																				
																													CHI	Channel Islands																		
																													FRO	Faeroe Islands																		
																													IMY	Isle of Man																		
																													MYT	Mayotte																		
																															CSK	Czechoslovakia																
																															SUN	USSR																
																															DHM	Dahomey																
																																												antarctica	aq			
																																												bouvet island	bv			
																																												british indian ocean territory	io			
																																												christmas island	cx			
																																												cocos (keeling) islands	cc			
																																																
																																																
																																																
																																												french southern territories	tf			
																																																
																																												heard and mc donald islands	hm			
																																																
																																												korea	d.p.r.o.			
																																												macau	mo			
																																																
																																																
																																																
																																																
																																																
																																																
																																												south georgia and south s.s.	gs			
																																																
																																																
																																																
																																																
																																												u.s. minor islands	um			
